IUPAC Name;Common Name;Abbreviation;Category;Inchi;SMILES;Function;Work_Voltage (V);Reference;HOMO_Pred (eV);LUMO_Pred (eV);DN_Pred (kcal/mol);DC_Pred
ethoxyethane;Diethyl ether;DE(DEE2);Ethers;InChI=1S/C4H10O/c1-3-5-4-2/h3-4H2,1-2H3;CCOCC;WSE;4.3;Nat Energy 6, 303?313 (2021)(DOI:10.1038/s41560-021-00783-z)!Nat Commun 14, 868 (2023)(DOI:10.1038/s41467-023-36647-1);-9.592795;1.868387;20.436148;4.665761
1,4-dioxane;1,4-Dioxane;1,4-DX(DIOX);Ethers;InChI=1S/C4H8O2/c1-2-6-4-3-5-1/h1-4H2;C1COCCO1;WSE;1.2;Angew. Chem. Int. Ed. 2021, 60, 4090 ? 4097(DOI:10.1002/anie.202011482);-9.279329;1.739109;19.485973;2.380003
oxolane;Tetrahydrofuran;THF;Ethers;InChI=1S/C4H8O/c1-2-4-5-3-1/h1-4H2;C1CCOC1;WSE;4;EnergyStorageMaterials50(2022)47–54(DOI:10.1016/j.ensm.2022.05.005)!J. Am. Chem. Soc. 2025, 147, 7, 5962?5970(DOI:10.1021/jacs.4c16076);-9.462263;1.793427;20.833917;6.250656
methylsulfinylmethane;Dimethylsulphoxide;DMSO;Sulfones/Sulfoxides;InChI=1S/C2H6OS/c1-4(2)3/h1-2H3;CS(C)=O;CDE;;;-9.049727;1.508448;22.371864;32.63973
acetonitrile;Acetonitrile;ACN(ATN,AN,CAN);Nitriles;InChI=1S/C2H3N/c1-2-3/h1H3;CC#N;CDE;;;-12.040573;1.732490;17.665546;30.097835
diethyl carbonate;diethyl carbonate;DEC;Linear Carbonates;InChI=1S/C5H10O3/c1-3-7-5(6)8-4-2/h3-4H2,1-2H3;CCOC(=O)OCC;CDE;;;-10.906187;1.601440;12.403446;2.554283
ethyl methyl carbonate;ethyl methyl carbonate;EMC;Linear Carbonates;InChI=1S/C4H8O3/c1-3-7-4(5)6-2/h3H2,1-2H3;CCOC(=O)OC;CDE;;;-10.958123;1.558352;11.742461;2.558874
methyl 2,2,2-trifluoroethyl carbonate;Methyl 2,2,2-trifluoroethyl carbonate;FEMC(TFEMC,MTFEC,F3EMC);Linear Carbonates;InChI=1S/C4H5F3O3/c1-9-3(8)10-2-4(5,6)7/h2H2,1H3;COC(=O)OCC(F)(F)F;Diluent;4.5;Adv. Energy Mater. 2023, 13, 2301396(DOI:10.1002/aenm.202301396);-11.363899;1.462268;4.483002;7.174429
1,3-dioxolan-2-one;ethylene carbonate;EC;Cyclic Carbonates;InChI=1S/C3H4O3/c4-3-5-1-2-6-3/h1-2H2;O=C1OCCO1;CDE;;;-11.108426;1.475930;10.901730;75.577247
4-methyl-1,3-dioxolan-2-one;propylene carbonate;PC;Cyclic Carbonates;InChI=1S/C4H6O3/c1-3-2-6-4(5)7-3/h3H,2H2,1H3;CC1COC(=O)O1;CDE;;;-11.110003;1.512379;12.443214;70.437231
ethyl 2,2-difluoroacetate;Ethyl difluoroacetate;EDFA;Other Esters;InChI=1S/C4H6F2O2/c1-2-8-4(7)3(5)6/h3H,2H2,1H3;CCOC(=O)C(F)F;WSE;4.5;Nature 614.7949 (2023): 694-700(DOI:10.1038/s41586-022-05627-8);-10.946844;1.478899;9.278356;13.553095
dimethoxymethane;Dimethoxymethane;DMM;Ethers;InChI=1S/C3H8O2/c1-4-3-5-2/h3H2,1-2H3;COCOC;WSE;3.7;Angew. Chem. Int. Ed. 2022, 61, e202207927(DOI:10.1002/ange.202207927);-10.011013;1.712619;18.570390;4.208518
1,2-dimethoxyethane;1,2-Dimethoxy ethane(monoglyme);DME(C2,EGDME);Ethers;InChI=1S/C4H10O2/c1-5-3-4-6-2/h3-4H2,1-2H3;COCCOC;CDE;4.4;J. Am. Chem. Soc. 2021, 143, 44, 18703?18713(DOI:10.1021/jacs.1c09006);-9.476183;1.741204;19.605161;7.307759
1,2-diethoxyethane;1,2-Diethoxyethane;DEE(EGDEE);Ethers;InChI=1S/C6H14O2/c1-3-7-5-6-8-4-2/h3-6H2,1-2H3;CCOCCOCC;WSE;4.4;J. Am. Chem. Soc. 2021, 143, 44, 18703?18713(DOI:10.1021/jacs.1c09006);-9.364771;1.805732;20.196754;5.596009
2-(2-ethoxyethoxy)-1,1,1-trifluoroethane;1-Ethoxy-2-(2,2,2-trifluoroethoxy)ethane;F3DEE(ETFEE);Ethers;InChI=1S/C6H11F3O2/c1-2-10-3-4-11-5-6(7,8)9/h2-5H2,1H3;CCOCCOCC(F)(F)F;WSE;4.4;Nat Energy 7, 94?106 (2022)(DOI:10.1038/s41560-021-00962-y);-9.674979;1.644841;14.178931;7.400789
2-methyloxolane;2-Methyl tetrahydrofurane;2-Me-THF(MTHF);Ethers;InChI=1S/C5H10O/c1-5-3-2-4-6-5/h5H,2-4H2,1H3;CC1CCCO1;WSE;<4;Adv. Funct. Mater. 2023, 33, 2212349(DOI:10.1002/adfm.202212349);-9.441218;1.794241;21.365088;6.039296
1,3-dioxolane;1,3-dioxolane;DOL(1,3-DL);Ethers;InChI=1S/C3H6O2/c1-2-5-3-4-1/h1-3H2;C1COCO1;WSE;3.5;ACS Energy Lett. 2023, 8, 7, 3180?3187(DOI:10.1021/acsenergylett.3c01004,WSE)!J. Am. Chem. Soc. 2025, 147, 7, 5962?5970(DOI:10.1021/jacs.4c16076,CDE);-9.714680;1.700719;18.545994;4.030608
4-methyl-1,3-dioxolane;4-Methyl-1,3-dioxolane;4Me-DOL;Ethers;InChI=1S/C4H8O2/c1-4-2-5-3-6-4/h4H,2-3H2,1H3;CC1COCO1;WSE;<3;ACS Energy Lett. 2023, 8, 7, 3180?3187(DOI:10.1021/acsenergylett.3c01004);-9.674871;1.708515;19.090066;4.362154
1-methoxy-2-(2-methoxyethoxy)ethane;Diglyme;DGM(G2,DIG,DGEME,DEGDME);Ethers;InChI=1S/C6H14O3/c1-7-3-5-9-6-4-8-2/h3-6H2,1-2H3;COCCOCCOC;CDE;;Nat Commun 14, 868 (2023)(DOI:10.1038/s41467-023-36647-1)!J. Phys. Chem. Lett. 2025, 16, 15, 3879?3887(DOI:10.1021/acs.jpclett.5c00627);-9.236472;1.665125;19.342444;6.283941
methoxycyclopentane;Cyclopentyl methyl ether;CPME;Ethers;InChI=1S/C6H12O/c1-7-6-4-2-3-5-6/h6H,2-5H2,1H3;COC1CCCC1;WSE;<5.5;Angew. Chem. Int. Ed. 2023, 62, e202300771(DOI:10.1002.anie.202300771)!ACS Nano 2023, 17, 18, 18103–18113(DOI:10.1021/acsnano.3c04907);-9.570445;1.836558;17.083233;4.556361
oxane;Tetrahydropyran;THP;Ethers;InChI=1S/C5H10O/c1-2-4-6-5-3-1/h1-5H2;C1CCOCC1;WSE;4.5;ACS Energy Lett. 2023, 8, 4, 1752?1761(DOI:10.1021/acsenergylett.3c00181);-9.402856;1.783036;20.879768;5.394507
methyl 3,3,3-trifluoropropanoate;methyl 3,3,3-tri?uoropionate;M3FP(TFPM,3FMP);Other Esters;InChI=1S/C4H5F3O2/c1-9-3(8)2-4(5,6)7/h2H2,1H3;COC(=O)CC(F)(F)F;WSE;4.5;ACS Energy Lett. 2020, 5, 1438?1447(DOI:10.1021/acsenergylett.0c00643);-10.896791;1.507189;6.706076;10.477049
ethyl 3,3,3-trifluoropropanoate;Ethyl 3,3,3-trifluoropropanoate;TFPE(tFEP);Other Esters;InChI=1S/C5H7F3O2/c1-2-10-4(9)3-5(6,7)8/h2-3H2,1H3;CCOC(=O)CC(F)(F)F;WSE;4.6;Nat Commun 14, 1082 (2023)(DOI:10.1038/s41467-023-36853-x);-10.833820;1.553690;8.263773;22.828365
1,1,1-trifluoro-2-(2,2,2-trifluoroethoxy)ethane;Bis(2,2,2-trifluoroethyl) ether;BTFE;Ethers;InChI=1S/C4H4F6O/c5-3(6,7)1-11-2-4(8,9)10/h1-2H2;FC(F)(F)COCC(F)(F)F;Diluent;>4.5;Adv. Mater. 2018, 30, 1706102(DOI:10.1002/adma.201706102);-10.867477;1.586251;5.067930;11.319589
1,1,2,2-tetrafluoro-1-(2,2,2-trifluoroethoxy)ethane;1,1,2,2-Tetrafluoroethyl-2,2,2-trifluoroethyl ether;HFE(D2,TFTFE,TTEE);Ethers;InChI=1S/C4H3F7O/c5-2(6)4(10,11)12-1-3(7,8)9/h2H,1H2;FC(F)C(F)(F)OCC(F)(F)F;Diluent;6.5;Nature Nanotech 13, 715?722 (2018)(DOI:10.1038/s41565-018-0183-2);-11.973361;1.557482;1.622535;8.075082
1,1,2,2-tetrafluoro-3-(1,1,2,2-tetrafluoroethoxy)propane;1,1,2,2-Tetrafluoro-3-(1,1,2,2-tetrafluoroethoxy)propane;TTE(FEPE);Ethers;InChI=1S/C5H4F8O/c6-2(7)4(10,11)1-14-5(12,13)3(8)9/h2-3H,1H2;FC(F)C(F)(F)COC(F)(F)C(F)F;Diluent;<5;J. Mater. Chem. A, 2023, 11, 4111-4125(DOI:10.1039/D2TA08404J);-11.811914;1.573241;2.449298;4.722608
1-ethoxy-1,1,2,2-tetrafluoroethane;Ethyl 1,1,2,2-tetrafluoroethyl ether;ETE(ETFE);Ethers;InChI=1S/C4H6F4O/c1-2-9-4(7,8)3(5)6/h3H,2H2,1H3;CCOC(F)(F)C(F)F;Diluent;<3.0;ACS Appl. Mater. Interfaces 2017, 9, 45, 39357?39370(DOI:10.1021/acsami.7b11566);-11.208636;1.675987;9.305553;11.959149
bis(2,2,2-trifluoroethyl) carbonate;Bis(2,2,2-trifluoroethyl) carbonate;BTFC(HFDEC,BTFEC,BTC,DTFEC);Linear Carbonates;InChI=1S/C5H4F6O3/c6-4(7,8)1-13-3(12)14-2-5(9,10)11/h1-2H2;O=C(OCC(F)(F)F)OCC(F)(F)F;Diluent;5.2;ACS Energy Lett. 2022, 7, 10, 3581?3592(DOI:10.1021/acsenergylett.2c01840);-11.615662;1.417601;-0.536826;12.214653
4,5-difluoro-1,3-dioxolan-2-one;Difluoroethylene carbonate;DFEC(F2EC);Cyclic Carbonates;InChI=1S/C3H2F2O3/c4-1-2(5)8-3(6)7-1/h1-2H;O=C1OC(F)C(F)O1;Diluent;4.5;Nano Energy 109 (2023) 108323(10.1016/j.nanoen.2023.108323)!Angew. Chem. Int. Ed. 2025, 64, e202510351(DOI:10.1002/ange.202510351);-12.148891;1.443107;4.226387;32.804797
2,2,3,3-tetrafluoro-1,4-dimethoxybutane;2,2,3,3-tetrafluoro-1,4-dimethoxybutane;FDMB;Ethers;InChI=1S/C6H10F4O2/c1-11-3-5(7,8)6(9,10)4-12-2/h3-4H2,1-2H3;COCC(F)(F)C(F)(F)COC;WSE;6.0;Nat Energy 5, 526?533 (2020)(DOI:10.1038/s41560-020-0634-5);-10.269287;1.593398;12.724581;17.9316
methyl 2,2-difluoroacetate;Methyl difluoroacetate;MDFA;Other Esters;InChI=1S/C3H4F2O2/c1-7-3(6)2(4)5/h2H,1H3;COC(=O)C(F)F;WSE;4.0;Nature 614.7949 (2023): 694-700(DOI:10.1038/s41586-022-05627-8);-11.045310;1.450225;7.666252;11.739646
ethyl 2,2,2-trifluoroacetate;Ethyl trifluoroacetate;ETFA;Other Esters;InChI=1S/C4H5F3O2/c1-2-9-3(8)4(5,6)7/h2H2,1H3;CCOC(=O)C(F)(F)F;Diluent;5.2;ACS Energy Lett. 2022, 7, 10, 3581?3592(DOI:10.1021/acsenergylett.2c01840);-11.351408;1.506626;6.125739;13.451475
2-[2-(2,2-difluoroethoxy)ethoxy]-1,1-difluoroethane;1,2-Bis(2,2-difluoroethoxy)ethane;F4DEE;Ethers;InChI=1S/C6H10F4O2/c7-5(8)3-11-1-2-12-4-6(9)10/h5-6H,1-4H2;FC(F)COCCOCC(F)F;WSE;4.4;Nat Energy 7, 94?106 (2022)(DOI:10.1038/s41560-021-00962-y);-9.865987;1.677394;13.023346;15.323919
2-[2-(2,2-difluoroethoxy)ethoxy]-1,1,1-trifluoroethane;1-Difluoroethoxy-2-Trifluoroethoxyethane;F5DEE;Ethers;InChI=1S/C6H9F5O2/c7-5(8)3-12-1-2-13-4-6(9,10)11/h5H,1-4H2;FC(F)COCCOCC(F)(F)F;WSE;4.4;Nat Energy 7, 94?106 (2022)(DOI:10.1038/s41560-021-00962-y);-10.074290;1.624512;10.543960;8.846378
1,1,1-trifluoro-2-[2-(2,2,2-trifluoroethoxy)ethoxy]ethane;1,1,1-Trifluoro-2-(2-(2,2,2-trifluoroethoxy)ethoxy)ethane;F6DEE;Ethers;InChI=1S/C6H8F6O2/c7-5(8,9)3-13-1-2-14-4-6(10,11)12/h1-4H2;FC(F)(F)COCCOCC(F)(F)F;WSE;4.4;Nat Energy 7, 94?106 (2022)(DOI:10.1038/s41560-021-00962-y);-10.062019;1.556764;8.308863;6.703472
1,3-dioxane;1,3-dioxane;1,3-DX(DX,DOX);Ethers;InChI=1S/C4H8O2/c1-2-5-4-6-3-1/h1-4H2;C1COCOC1;WSE;1.2;Angew. Chem. Int. Ed. 2021, 60, 4090 ? 4097(DOI:10.1002/anie.202011482);-9.951806;1.726886;18.385752;8.216034
methyl 2,2,3,3,3-pentafluoropropanoate;Methyl pentafluoropropionate;5FMP;Other Esters;InChI=1S/C4H3F5O2/c1-11-2(10)3(5,6)4(7,8)9/h1H3;COC(=O)C(C(F)(F)F)(F)F;Diluent;5.0;J. Electrochem. Soc. 2020,167 040508(DOI:10.1149/1945-7111/ab7181);-11.450214;1.244438;1.558215;12.255931
1,1,1,2,2,3,3,4,4-nonafluoro-4-methoxybutane;Methyl nonafluorobutyl ether;MTE(MFE,M3);Ethers;InChI=1S/C5H3F9O/c1-15-5(13,14)3(8,9)2(6,7)4(10,11)12/h1H3;COC(C(C(C(F)(F)F)(F)F)(F)F)(F)F  ;Diluent;4.0;ACS Energy Lett. 2025, 10, 1, 177?184(DOI:10.1021/acsenergylett.4c02751);-11.842291;1.522615;0.158542;10.211869
methyl 2,3,3,3-tetrafluoropropanoate;Methyl 2,3,3,3-tetrafluoropropionate;M4FP(4FMP);Other Esters;InChI=1S/C4H4F4O2/c1-10-3(9)2(5)4(6,7)8/h2H,1H3;COC(=O)C(C(F)(F)F)F;WSE!Diluent;4.0;Nature 614.7949 (2023): 694-700(DOI:10.1038/s41586-022-05627-8)!J. Electrochem. Soc. 2020,167 040508(DOI:10.1149/1945-7111/ab7181);-11.168085;1.476257;4.198395;9.979909
methyl 2,2-difluoro-2-fluorosulfonylacetate;Methyl 2,2-difluoro-2-(fluorosulfonyl)acetate;MDFSA;Sulfones/Sulfoxides;InChI=1S/C3H3F3O4S/c1-10-2(7)3(4,5)11(6,8)9/h1H3;COC(=O)C(F)(F)S(=O)(=O)F;WSE;4.0;Nature 614.7949 (2023): 694-700(DOI:10.1038/s41586-022-05627-8);-11.629028;0.851980;7.787413;27.502517
2-[bis(2,2,2-trifluoroethoxy)methoxy]-1,1,1-trifluoroethane;Tris(2,2,2-trifluoroethyl)orthoformate;TFEO;Ethers;InChI=1S/C7H7F9O3/c8-5(9,10)1-17-4(18-2-6(11,12)13)19-3-7(14,15)16/h4H,1-3H2;C(C(F)(F)F)OC(OCC(F)(F)F)OCC(F)(F)F;Diluent;6.0;Nat. Energy 2019, 4,796?805(DOI:10.1038/s41560-019-0464-5);-11.247132;1.558195;1.593373;12.204906
1,1,1,3,3,3-hexafluoro-2-methoxypropane;Hexafluoroisopropyl methyl ether;HFPM;Ethers;InChI=1S/C4H4F6O/c1-11-2(3(5,6)7)4(8,9)10/h2H,1H3;COC(C(F)(F)F)C(F)(F)F;Diluent;5.0;Electrochimica Acta 320 (2019) 134633(DOI:10.1016/j.electacta.2019.134633);-10.828985;1.605204;5.143179;12.711452
1-(2-butoxyethoxy)butane;Ethylene glycol dibutyl ether;EGDE(EGDBE);Ethers;InChI=1S/C10H22O2/c1-3-5-7-11-9-10-12-8-6-4-2/h3-10H2,1-2H3;CCCCOCCOCCCC;WSE;4.5;ACS Energy Lett. 2023, 8, 8, 3586?3594(DOI:10.1021/acsenergylett.3c01091);-9.308794;1.771926;21.938250;7.081186
ethoxymethoxyethane;diethoxymethane;DEM;Ethers;InChI=1S/C5H12O2/c1-3-6-5-7-4-2/h3-5H2,1-2H3;CCOCOCC;WSE;4.4;ACS Appl. Mater. Interfaces 2022, 14, 39, 44470?44478(DOI:10.1021/acsami.2c13517)!Adv. Funct. Mater. 2025, 35, 2511172(DOI:10.1002/adfm.202511172);-9.741958;1.771429;18.997233;6.791131
1,2-dimethoxypropane;1,2-dimethoxypropane;DMP;Ethers;InChI=1S/C5H12O2/c1-5(7-3)4-6-2/h5H,4H2,1-3H3;CC(COC)OC;WSE;4.5;ACS Energy Lett. 2023, 8, 179-188?DOI:10.1021/acsenergylett.2c02003);-9.537456;1.762977;19.704609;5.324911
1-propoxypropane;dipropyl ether;DPE;Ethers;InChI=1S/C6H14O/c1-3-5-7-6-4-2/h3-6H2,1-2H3;CCCOCCC;WSE;4.3;Nat Commun 14, 868 (2023)(DOI:10.1038/s41467-023-36647-1);-9.517815;1.851054;20.971545;4.792041
1-methoxybutane;butyl methyl ether;BME;Ethers;InChI=1S/C5H12O/c1-3-4-5-6-2/h3-5H2,1-2H3;CCCCOC;WSE;3.0;Angew. Chem. Int. Ed. 2023, 62, e202310761(DOI:10.1002/anie.202310761);-9.626230;1.816592;20.609335;4.48076
1,1,1-trifluoro-2,3-dimethoxypropane;;TFDMP;Ethers;InChI=1S/C5H9F3O2/c1-9-3-4(10-2)5(6,7)8/h4H,3H2,1-2H3;COCC(C(F)(F)F)OC;WSE;4.8;Nat Commun 14, 299 (2023)(DOI:10.1038/s41467-023-35934-1);-9.910611;1.660332;13.190327;10.56003
2,2-dimethoxy-4-(trifluoromethyl)-1,3-dioxolane;;DTDL;Ethers;InChI=1S/C6H9F3O4/c1-10-6(11-2)12-3-4(13-6)5(7,8)9/h4H,3H2,1-2H3;COC1(OC)OCC(C(F)(F)F)O1;WSE;5.5;Nat Commun 13, 2575 (2022)(DOI:10.1038/s41467-022-29199-3);-10.575421;1.559261;10.515418;6.926183
2-ethoxy-4-(trifluoromethyl)-1,3-dioxolane;;cFTOF;Ethers;InChI=1S/C6H9F3O3/c1-2-10-5-11-3-4(12-5)6(7,8)9/h4-5H,2-3H2,1H3;CCOC1OCC(C(F)(F)F)O1;WSE;6.0;Angew. Chem. Int. Ed. 2022, 61, e202115884(DOI:10.1002/anie.202115884);-10.260212;1.595025;12.331234;10.42035
4-(trifluoromethyl)-1,3-dioxolane;;TFDOL;Ethers;InChI=1S/C4H5F3O2/c5-4(6,7)3-1-8-2-9-3/h3H,1-2H2;C1C(OCO1)C(F)(F)F;WSE;5.0;ACS Energy Lett. 2023, 8, 7, 3180?3187(DOI:10.1021/acsenergylett.3c01004);-10.356391;1.589077;11.044289;5.745459
2-(2,2,2-trifluoroethoxy)-4(trifluoromethyl)-1,3-dioxolane;;TTD;Ethers;InChI=1S/C6H6F6O3/c7-5(8,9)2-14-4-13-1-3(15-4)6(10,11)12/h3-4H,1-2H2;C1C(C(F)(F)F)OC(O1)OCC(F)(F)F;Diluent;6.0;ACS Appl. Energy Mater. 2022, 5, 6, 7784?7790(DOI:10.1021/acsaem.2c01261);-10.736046;1.525457;6.279429;7.853506
1,1,1-trifluoro-2-[2-[2-(2,2,2-trifluoroethoxy)ethoxy]ethoxy]ethane;Bis(2-(2,2,2-Trifluoroethoxy)ethyl)ether;E3F1;Ethers;InChI=1S/C8H12F6O3/c9-7(10,11)5-16-3-1-15-2-4-17-6-8(12,13)14/h1-6H2;C(COCC(F)(F)F)OCCOCC(F)(F)F;WSE;4.3;ACS Cent. Sci. 2021, 7, 7, 1232?1244(DOI:10.1021/acscentsci.1c00503);-9.906922;1.599993;9.884345;12.177875
1-fluoro-2-(2-fluoroethoxy)ethane;;BFE(E1CH2F);Ethers;InChI=1S/C4H8F2O/c5-1-3-7-4-2-6/h1-4H2;C(CF)OCCF;WSE;4.4;Nat Commun 14, 1081 (2023)(DOI:10.1038/s41467-023-36793-6);-10.033979;1.806511;15.689396;11.624684
1,2-bis(2-chloroethoxy)ethane;;Cl-DEE;Ethers;InChI=1S/C6H12Cl2O2/c7-1-3-9-5-6-10-4-2-8/h1-6H2;C(COCCCl)OCCCl;WSE;4.7;Angew. Chem. Int. Ed. 2022, 61, e202203693(DOI:10.1002/anie.202203693)!JACS Au 2023, 3, 3, 953?963(DOI:10.1021/jacsau.3c00035);-9.774481;1.475561;16.324588;25.508588
2-(2,2-difluoroethoxy)-1,1-difluoroethane;bis(2,2-difluoroethyl)ether;BDE;Ethers;InChI=1S/C4H6F4O/c5-3(6)1-9-2-4(7)8/h3-4H,1-2H2;C(C(F)F)OCC(F)F;Diluent;5.0;Nano Energy 95 (2022) 107014(DOI:10.1016/j.nanoen.2022.107014);-10.375647;1.711005;11.018857;5.236923
1,1,1-trifluoro-2-(2,2,2-trifluoroethoxymethoxy)ethane;;BTFM;Ethers;InChI=1S/C5H6F6O2/c6-4(7,8)1-12-3-13-2-5(9,10)11/h1-3H2;C(C(F)(F)F)OCOCC(F)(F)F;Diluent;5.5;Zhao et al., Chem 9, 682?697(DOI:10.1016/j.chempr.2022.12.005);-10.568108;1.569743;6.099877;16.583574
2,2,4,4,5,5-hexamethyl-1,3-dioxolane;2,2,4,4,5,5-hexamethyl-1,3-dioxolane;HMD;Ethers;InChI=1S/C9H18O2/c1-7(2)8(3,4)11-9(5,6)10-7/h1-6H3;CC1(C(OC(O1)(C)C)(C)C)C;WSE;<3;ACS Appl. Mater. Interfaces 2024, 16, 18, 23362?23373(DOI:10.1021/acsami.4c03149);-9.459009;1.548098;21.832089;3.981632
diethoxymethoxyethane;diethoxymethoxyethane;TOF;Ethers;InChI=1S/C7H16O3/c1-4-8-7(9-5-2)10-6-3/h7H,4-6H2,1-3H3;CCOC(OCC)OCC;CDE;;Angew. Chem. Int. Ed. 2022, 61, e202115884(DOI:10.1002/anie.202115884);-10.008218;1.761877;17.894559;11.723635
2-methoxy-1-(2-methoxypropoxy)propane;2-methoxy-1-(2-methoxypropoxy)propane;DMM-2;Ethers;InChI=1S/C8H18O3/c1-7(9-3)5-11-6-8(2)10-4/h7-8H,5-6H2,1-4H3;CC(COCC(C)OC)OC;WSE;4.2;Angew. Chem. Int. Ed. 2023, 62, e202312973(DOI:10.1002/ange.202312973);-9.263491;1.669654;20.094292;11.629189
2-methoxy-1,3-dioxolane;2-methoxy-1,3-dioxolane;2-MeO-DOL;Ethers;InChI=1S/C4H8O3/c1-5-4-6-2-3-7-4/h4H,2-3H2,1H3;COC1OCCO1;WSE;4.4;Chem. Sci., 2025, 16, 7981-7988(DOI:10.1039/D5SC01495F);-10.057464;1.631042;17.247458;5.436513
1H,1H,5H-octafluoropentyl-1,1,2,2-tetrafluoroethyl ether;;OFE(OTE);Ethers;InChI=1S/C7H4F12O/c8-2(9)5(14,15)7(18,19)4(12,13)1-20-6(16,17)3(10)11/h2-3H,1H2 ;C(C(C(C(C(F)F)(F)F)(F)F)(F)F)OC(C(F)F)(F)F;Diluent;<3;Adv. Energy Mater. 2019, 9, 1803774(DOI:10.1002/aenm.201803774);-11.816090;1.492267;-0.604827;13.64207
2,2-bis(trifluoromethyl)-1,3-dioxolane;;BTFMD;Ethers;InChI=1S/C5H4F6O2/c6-4(7,8)3(5(9,10)11)12-1-2-13-3/h1-2H2;C1COC(O1)(C(F)(F)F)C(F)(F)F;Diluent;6.0;ACS Energy Lett. 2024, 9, 5, 2201?2211(DOI:10.1021/acsenergylett.4c00481);-10.931075;1.560636;5.438306;25.134159
1,1,1,3,3,3-hexafluoro-2-(fluoromethoxy)propane;;HFP(HFME);Ethers;InChI=1S/C4H3F7O/c5-1-12-2(3(6,7)8)4(9,10)11/h2H,1H2;C(OC(C(F)(F)F)C(F)(F)F)F;Diluent;4.7;Small 2023, 19, 2305055(DOI:10.1002/smll.202305055);-11.740508;1.586540;1.664505;8.224244
1,2-bis(2-fluoroethoxy) ethane;1,2-bis(2-fluoroethoxy) ethane;F2DEE;Ethers;InChI=1S/C6H12F2O2/c7-1-3-9-5-6-10-4-2-8/h1-6H2;C(COCCF)OCCF;WSE;4.7;JACS Au 2023, 3, 3, 953?963(DOI:10.1021/jacsau.3c00035);-9.580684;1.718501;16.626535;15.616213
1,3-dimethoxypropane;1,3-dimethoxypropane;C3(DMP-2);Ethers;InChI=1S/C5H12O2/c1-6-4-3-5-7-2/h3-5H2,1-2H3;COCCCOC;WSE;4.7;Angew. Chem. Int. Ed. 2023, 62, e202219310(DOI:10.1002/anie.202219310);-9.517417;1.747117;19.820639;5.708996
1,2-(1,1,2,2-tetrafluoroethoxy)ethane;;TFEE;Ethers;InChI=1S/C6H6F8O2/c7-3(8)5(11,12)15-1-2-16-6(13,14)4(9)10/h3-4H,1-2H2;C(COC(C(F)F)(F)F)OC(C(F)F)(F)F;Diluent;2.5;Chem. Mater. 2025, 37, 7, 2485?2495(DOI:10.1021/acs.chemmater.4c03067);-11.218082;1.575118;4.043297;12.482252
1, 1, 2, 2-tetrafluoro-1-methoxyethane;;TFM;Ethers;InChI=1S/C3H4F4O/c1-8-3(6,7)2(4)5/h2H,1H3;COC(C(F)F)(F)F;Diluent;3.0;Nano Energy 131 (2024) 110234(DOI:10.1016/j.nanoen.2024.110234);-11.489491;1.636859;7.657981;7.963151
3,3,4,4,5,5-hexafluorooxane;3,3,4,4,5,5-hexafluorooxane;HFTHP;Ethers;InChI=1S/C5H4F6O/c6-3(7)1-12-2-4(8,9)5(3,10)11/h1-2H2;C1C(C(C(CO1)(F)F)(F)F)(F)F;Diluent;>6;Nat Energy 9, 817?827 (2024)(DOI:10.1038/s41560-024-01519-5);-10.901513;1.575134;7.173101;19.840379
2,2,3,3-tetrafluoropropyl difluoromethyl ether;;TDE;Ethers;InChI=1S/C4H4F6O/c5-2(6)4(9,10)1-11-3(7)8/h2-3H,1H2;C(C(C(F)F)(F)F)OC(F)F;Diluent;4.6;Chemical Engineering Journal 469 (2023) 144012(DOI:10.1016/j.cej.2023.144012);-11.596108;1.621591;4.790988;15.905601
1-(1,1,2,2-tetrafluoroethoxy)propane;;TNE;Ethers;InChI=1S/C5H8F4O/c1-2-3-10-5(8,9)4(6)7/h4H,2-3H2,1H3;CCCOC(C(F)F)(F)F;Diluent;5.0;Small 2024, 20, 2311393(DOI:10.1002/smll.202311393);-11.231407;1.671775;10.458288;20.099822
propan-2-one;Acetone;DMK(ACE);Ketones;InChI=1S/C3H6O/c1-3(2)4/h1-2H3;CC(C)=O;CDE;;;-9.622644;1.714319;16.244265;13.673626
methyl acetate;Methyl acetate;MA;Other Esters;InChI=1S/C3H6O2/c1-3(4)5-2/h1-2H3;COC(C)=O;CDE;;;-10.522580;1.587123;13.598647;6.271678
ethyl acetate;Ethyl acetate;EA;Other Esters;InChI=1S/C4H8O2/c1-3-6-4(2)5/h3H2,1-2H3;CCOC(C)=O;CDE;;;-10.429927;1.628881;14.349532;6.56271
butyl acetate;n-Butyl acetate;nBA;Other Esters;InChI=1S/C6H12O2/c1-3-4-5-8-6(2)7/h3-5H2,1-2H3;CCCCOC(C)=O;CDE;;;-10.419670;1.615789;15.620225;7.029959
dimethyl carbonate;dimethyl carbonate;DMC;Linear Carbonates;InChI=1S/C3H6O3/c1-5-3(4)6-2/h1-2H3;COC(=O)OC;CDE;;;-11.033620;1.508001;11.075214;2.489575
4-ethyl-1,3-dioxolan-2-one;1,2-Butylene carbonate;BC;Cyclic Carbonates;InChI=1S/C5H8O3/c1-2-4-3-7-5(6)8-4/h4H,2-3H2,1H3;CCC1COC(=O)O1;CDE;;;-11.030425;1.526207;13.683073;63.742353
1,3-dioxol-2-one;Vinylene Carbonate;VC;Cyclic Carbonates;InChI=1S/C3H2O3/c4-3-5-1-2-6-3/h1-2H;O=c1occo1;CDE;;;-9.541302;1.444332;14.797579;128.941261
methyl butanoate;Methyl butyrate;MB;Other Esters;InChI=1S/C5H10O2/c1-3-4-5(6)7-2/h3-4H2,1-2H3;CCCC(=O)OC;CDE;;;-10.382964;1.621020;15.028309;6.320532
octanedinitrile;Suberonitrile;SUN;Nitriles;InChI=1S/C8H12N2/c9-7-5-3-1-2-4-6-8-10/h1-6H2;N#CCCCCCCC#N;CDE;;;-11.136727;1.673135;21.951079;11.556117
propyl acetate;n-Propyl acetate;nPA;Other Esters;InChI=1S/C5H10O2/c1-3-4-7-5(2)6/h3-4H2,1-2H3;CCCOC(C)=O;CDE;;;-10.412717;1.632246;15.007876;6.57657
2-methylpropyl acetate;i-Butyl acetate;iBA;Other Esters;InChI=1S/C6H12O2/c1-5(2)4-8-6(3)7/h5H,4H2,1-3H3;CC(=O)OCC(C)C;CDE;;;-10.419332;1.615985;15.619887;6.466145
propyl formate;n-Propyl formate;nPF;Formates;InChI=1S/C4H8O2/c1-2-3-6-4-5/h4H,2-3H2,1H3;CCCOC=O;CDE;;;-10.682863;1.652143;14.225489;7.056716
propan-2-yl formate;i-Propyl formate;iPF;Formates;InChI=1S/C4H8O2/c1-4(2)6-3-5/h3-4H,1-2H3;CC(C)OC=O;CDE;;;-10.652624;1.671223;14.254554;7.215376
butyl formate;n-Butyl formate;nBF;Formates;InChI=1S/C5H10O2/c1-2-3-4-7-5-6/h5H,2-4H2,1H3;CCCCOC=O;CDE;;;-10.664475;1.673789;14.896539;6.91283
2-methylpropyl formate;i-Butyl formate;iBF;Formates;InChI=1S/C5H10O2/c1-5(2)3-7-4-6/h4-5H,3H2,1-2H3;CC(C)COC=O;CDE;;;-10.676631;1.632024;14.859662;6.928626
2-methylpropanenitrile;i-Butyronitrile (Isobutyronitrile);iBN;Nitriles;InChI=1S/C4H7N/c1-4(2)3-5/h4H,1-2H3;N#CC(C)C;CDE;;;-11.734783;1.801304;20.934146;29.009824
